Measure,30% Interven,60% Interven,100% Interven
Accuracy,0.605724,0.51308,0.513001
Clarity,0.454079,0.454852,0.435685
Completeness,0.581803,0.508017,0.50342
Relevance,0.49167,0.475949,0.466485
